Rk,Player,Tm,FantPos,PPR,DKPt,FDPt,VBD,PosRank,OvRank,-9999
1,Patrick Mahomes,KAN,QB,417.4,435.4,428.9,136,1,1,MahoPa00
2,Josh Jacobs,LVR,RB,328.3,335.3,301.8,127,1,2,JacoJo01
3,Christian McCaffrey,2TM,RB,356.4,362.4,313.9,123,2,3,McCaCh01
4,Derrick Henry,TEN,RB,302.8,311.8,286.3,122,3,4,HenrDe00
5,Justin Jefferson,MIN,WR,368.7,371.7,304.7,119,1,5,JeffJu00
6,Austin Ekeler,LAC,RB,372.7,381.7,319.2,118,4,6,EkelAu00
7,Josh Allen,BUF,QB,395.5,420.5,409.5,117,2,7,AlleJo02
8,Davante Adams,LVR,WR,335.5,338.5,285.5,114,2,8,AdamDa01
9,Travis Kelce,KAN,TE,316.3,320.3,261.3,114,1,9,KelcTr00
10,Nick Chubb,CLE,RB,281.4,288.4,267.9,107,5,10,ChubNi00
11,Tyreek Hill,MIA,WR,347.2,350.2,287.7,107,3,11,HillTy00
12,Jalen Hurts,PHI,QB,378.0,392.0,384.0,100,3,12,HurtJa00
13,A.J. Brown,PHI,WR,299.6,304.6,255.6,91,4,13,BrowAJ00
14,Stefon Diggs,BUF,WR,316.6,319.6,262.6,89,5,14,DiggSt00
15,Saquon Barkley,NYG,RB,284.0,290.0,255.5,82,6,15,BarkSa00
16,CeeDee Lamb,DAL,WR,301.6,304.6,248.1,75,6,16,LambCe00
17,Joe Burrow,CIN,QB,350.7,371.7,362.7,74,4,17,BurrJo01
18,Jamaal Williams,DET,RB,225.9,230.9,219.9,69,7,18,WillJa06
19,Jaylen Waddle,MIA,WR,259.2,263.2,221.7,66,7,19,WaddJa00
20,Tony Pollard,DAL,RB,248.8,254.8,229.3,65,8,20,PollTo00
21,Dalvin Cook,MIN,RB,237.8,247.8,218.3,55,9,21,CookDa01
22,Miles Sanders,PHI,RB,216.7,221.7,206.7,53,10,22,SandMi01
23,George Kittle,SFO,TE,200.5,204.5,170.5,52,2,23,KittGe00
24,Amari Cooper,CLE,WR,246.0,250.0,208.0,50,8,24,CoopAm00
25,Taysom Hill,NOR,TE,145.8,148.8,141.3,49,3,25,HillTa00
26,Aaron Jones,GNB,RB,248.6,257.6,219.1,46,11,26,JoneAa00
27,Amon-Ra St. Brown,DET,WR,267.6,270.6,214.6,44,9,27,StxxAm00
28,DeVonta Smith,PHI,WR,254.6,258.6,207.1,42,10,28,SmitDe07
29,T.J. Hockenson,2TM,TE,215.4,219.4,172.4,42,4,29,HockTJ00
30,Christian Kirk,JAX,WR,241.9,245.9,199.9,41,11,30,KirkCh01
31,Najee Harris,PIT,RB,223.5,231.5,203.0,40,12,31,HarrNa00
32,Ja'Marr Chase,CIN,WR,242.4,247.4,198.9,38,12,32,ChasJa00
33,Rhamondre Stevenson,NWE,RB,249.1,256.1,214.6,37,13,33,StevRh00
34,Joe Mixon,CIN,RB,239.5,245.5,209.5,37,14,34,MixoJo00
35,Tyler Lockett,SEA,WR,237.3,242.3,195.3,37,13,35,LockTy00
36,Terry McLaurin,WAS,WR,229.0,232.0,190.5,35,14,36,McLaTe00
37,Kenneth Walker III,SEA,RB,202.5,208.5,189.0,33,15,37,WalkKe00
38,Brandon Aiyuk,SFO,WR,227.8,231.8,188.8,33,15,38,AiyuBr00
39,Mike Evans,TAM,WR,225.4,228.4,186.9,32,16,39,EvanMi00
40,Geno Smith,SEA,QB,303.9,324.9,314.9,30,5,40,SmitGe00
41,Tee Higgins,CIN,WR,220.9,223.9,183.9,30,17,41,HiggTe00
42,Mark Andrews,BAL,TE,190.5,193.5,154.0,30,5,42,AndrMa00
43,Travis Etienne,JAX,RB,205.1,214.1,187.6,28,16,43,EtieTr00
44,Ezekiel Elliott,DAL,RB,185.8,188.8,177.3,27,17,44,ElliEz00
45,Trevor Lawrence,JAX,QB,295.6,318.6,303.6,23,7,45,LawrTr00
46,Justin Fields,CHI,QB,296.0,315.0,307.0,23,6,46,FielJu00
47,D.K. Metcalf,SEA,WR,226.8,231.8,181.8,21,19,47,MetcDK00
48,Jerry Jeudy,DEN,WR,204.2,207.2,170.7,21,18,48,JeudJe00
49,D.J. Moore,CAR,WR,199.1,202.1,167.6,20,20,49,MoorD.00
50,Kirk Cousins,MIN,QB,291.6,311.6,305.6,19,8,50,CousKi00
51,Evan Engram,JAX,TE,176.9,179.9,140.4,18,6,51,EngrEv00
52,Garrett Wilson,NYJ,WR,215.7,219.7,174.2,17,21,52,WilsGa00
53,Daniel Jones,NYG,QB,289.0,303.0,294.0,16,9,53,JoneDa05
54,Alvin Kamara,NOR,RB,211.7,221.7,183.2,14,18,54,KamaAl00
55,James Conner,ARI,RB,200.2,207.2,177.2,13,19,55,ConnJa00
56,Leonard Fournette,TAM,RB,226.1,233.1,190.6,12,20,56,FourLe00
57,Jared Goff,DET,QB,284.3,298.3,290.8,11,10,57,GoffJa00
58,Cooper Kupp,LAR,WR,201.4,205.4,163.9,11,22,58,KuppCo00
59,Chris Olave,NOR,WR,198.2,203.2,162.2,11,23,59,OlavCh00
60,Cole Kmet,CHI,TE,147.3,150.3,122.3,11,7,60,KmetCo00
61,Gabriel Davis,BUF,WR,171.6,175.6,147.6,9,24,61,DaviGa01
62,Christian Watson,GNB,WR,164.1,167.1,143.6,8,25,62,WatsCh00
63,Justin Herbert,LAC,QB,281.3,300.3,290.3,7,11,63,HerbJu00
64,Juwan Johnson,NOR,TE,134.8,137.8,113.8,7,8,64,JohnJu02
65,Chris Godwin,TAM,WR,222.8,227.8,170.8,4,26,65,GodwCh00
66,David Montgomery,CHI,RB,177.7,185.7,160.7,3,21,66,MontDa01
67,D'Andre Swift,DET,RB,191.1,197.1,167.1,3,23,67,SwifDA00
68,Tyler Allgeier,ATL,RB,159.4,165.4,151.4,3,22,68,AllgTy00
69,Michael Pittman Jr.,IND,WR,216.5,220.5,167.0,3,27,69,PittMi01
70,Zay Jones,JAX,WR,198.1,201.1,157.1,2,28,70,JoneZa00
71,Dawson Knox,BUF,TE,135.7,138.7,111.7,2,9,71,KnoxDa00
72,Dallas Goedert,PHI,TE,141.2,145.2,113.7,1,10,72,GoedDa00
73,Tom Brady,TAM,QB,271.7,287.7,280.7,,12,73,BradTo00
74,Aaron Rodgers,GNB,QB,239.2,258.2,251.2,,13,74,RodgAa00
75,Lamar Jackson,BAL,QB,236.1,251.1,243.1,,14,75,JackLa00
76,Tua Tagovailoa,MIA,QB,230.9,242.9,238.9,,15,76,TagoTu00
77,Russell Wilson,DEN,QB,225.8,244.8,236.3,,16,77,WilsRu00
78,Derek Carr,LVR,QB,219.1,239.1,233.1,,17,78,CarrDe02
79,Kyler Murray,ARI,QB,200.5,215.5,207.5,,18,,MurrKy00
80,Dak Prescott,DAL,QB,198.6,220.6,213.6,,19,,PresDa01
81,Marcus Mariota,ATL,QB,196.6,214.6,205.6,,20,,MariMa01
82,Davis Mills,HOU,QB,181.5,205.5,196.5,,21,,MillDa02
83,Andy Dalton,NOR,QB,174.2,187.2,183.2,,22,,DaltAn00
84,Mac Jones,NWE,QB,170.1,188.1,181.1,,23,,JoneMa05
85,Jacoby Brissett,CLE,QB,168.6,184.6,174.6,,24,,BrisJa00
86,Jimmy Garoppolo,SFO,QB,164.8,173.8,168.8,,25,,GaroJi00
87,Ryan Tannehill,TEN,QB,161.2,172.2,167.2,,26,,TannRy00
88,Matt Ryan,IND,QB,155.3,176.3,168.3,,27,,RyanMa00
89,Kenny Pickett,PIT,QB,149.9,165.9,158.9,,28,,PickKe00
90,AJ Dillon,GNB,RB,167.6,173.6,153.6,,26,,DillAJ00
91,Jerick McKinnon,KAN,RB,196.3,203.3,168.3,,24,,McKiJe00
92,Devin Singletary,BUF,RB,177.9,186.9,158.9,,25,,SingDe00
93,Raheem Mostert,MIA,RB,168.3,175.3,152.8,,27,,MostRa00
94,Jeff Wilson,2TM,RB,158.5,166.5,147.5,,28,,WilsJe01
95,Dameon Pierce,HOU,RB,166.4,174.4,151.4,,29,,PierDa01
96,Cordarrelle Patterson,ATL,RB,154.7,161.7,144.2,,30,,PattCo00
97,Cam Akers,LAR,RB,141.3,149.3,134.8,,31,,AkerCa00
98,Latavius Murray,2TM,RB,154.2,160.2,140.7,,32,,MurrLa00
99,D'Onta Foreman,CAR,RB,131.0,134.0,128.5,,33,,ForeDO00
100,Isiah Pacheco,KAN,RB,135.0,143.0,128.5,,34,,PachIs00
101,Baker Mayfield,2TM,QB,121.4,134.4,129.4,,29,,MayfBa00
102,Antonio Gibson,WAS,RB,165.9,171.9,142.9,,35,,GibsAn00
103,Jonathan Taylor,IND,RB,146.4,155.4,132.4,,36,,TaylJo02
104,Taylor Heinicke,WAS,QB,116.0,130.0,122.0,,30,,HeinTa00
105,Allen Lazard,GNB,WR,174.8,177.8,144.8,,29,,LazaAl00
106,George Pickens,PIT,WR,166.5,169.5,140.5,,30,,PickGe00
107,Mike Williams,LAC,WR,176.5,179.5,145.0,,31,,WillMi07
108,Jakobi Meyers,NWE,WR,180.3,185.3,146.8,,32,,MeyeJa01
109,Carson Wentz,WAS,QB,112.8,125.8,121.8,,31,,WentCa00
110,Curtis Samuel,WAS,WR,176.3,183.3,144.3,,34,,SamuCu00
111,Deebo Samuel,SFO,WR,168.4,176.4,140.4,,33,,SamuDe00
112,Adam Thielen,MIN,WR,180.0,183.0,145.0,,35,,ThieAd00
113,Tyler Boyd,CIN,WR,167.1,170.1,138.1,,36,,BoydTy00
114,Khalil Herbert,CHI,RB,117.8,120.8,113.3,,37,,HerbKh00
115,Matthew Stafford,LAR,QB,108.4,122.4,116.4,,32,,StafMa00
116,Drake London,ATL,WR,178.6,184.6,142.6,,38,,LondDr00
117,JuJu Smith-Schuster,KAN,WR,185.3,190.3,146.3,,37,,SmitJu00
118,Donovan Peoples-Jones,CLE,WR,167.1,171.1,136.6,,39,,PeopDo00
119,Brock Purdy,SFO,QB,106.3,113.3,110.3,,33,,PurdBr00
120,Samaje Perine,CIN,RB,142.1,148.1,123.1,,38,,PeriSa00
121,Brian Robinson Jr.,WAS,RB,112.7,115.7,108.2,,39,,RobiBr01
122,Keenan Allen,LAC,WR,164.0,168.0,131.0,,40,,AlleKe00
123,Zach Wilson,NYJ,QB,98.9,112.9,105.4,,34,,WilsZa00
124,Mack Hollins,LVR,WR,154.2,157.2,125.7,,42,,HollMa00
125,Josh Palmer,LAC,WR,169.3,172.3,133.3,,41,,PalmJo00
126,Jahan Dotson,WAS,WR,130.6,133.6,113.1,,43,,DotsJa00
127,Breece Hall,NYJ,RB,115.1,122.1,105.6,,40,,HallBr03
128,K.J. Osborn,MIN,WR,155.6,158.6,125.6,,44,,OsboKJ00
129,Diontae Johnson,PIT,WR,180.7,183.7,137.7,,46,,JohnDi01
130,Courtland Sutton,DEN,WR,159.4,162.4,127.4,,45,,SuttCo00
131,Kareem Hunt,CLE,RB,126.8,132.8,109.3,,41,,HuntKa00
132,Marquise Brown,ARI,WR,156.0,159.0,122.5,,47,,BrowMa04
133,Brandin Cooks,HOU,WR,145.6,148.6,117.1,,48,,CookBr00
134,Rachaad White,TAM,RB,139.1,148.1,114.1,,42,,WhitRa01
135,DeAndre Hopkins,ARI,WR,151.7,155.7,119.7,,49,,HopkDe00
136,Kenyan Drake,BAL,RB,104.1,107.1,95.6,,43,,DrakKe00
137,Parris Campbell,IND,WR,149.1,152.1,117.6,,50,,CampPa00
138,Sam Darnold,CAR,QB,86.3,97.3,89.3,,35,,DarnSa00
139,Dalton Schultz,DAL,TE,142.7,146.7,114.2,,11,,SchuDa00
140,Deshaun Watson,CLE,QB,85.6,96.6,90.6,,36,,WatsDe00
141,Michael Carter,NYJ,RB,126.0,133.0,105.5,,44,,CartMi03
142,James Cook,BUF,RB,105.7,112.7,95.2,,45,,CookJa01
143,Pat Freiermuth,PIT,TE,148.2,151.2,116.7,,12,,FreiPa00
144,David Njoku,CLE,TE,142.0,146.0,113.0,,13,,NjokDa00
145,Gerald Everett,LAC,TE,139.5,142.5,110.5,,14,,EverGe00
146,Darius Slayton,NYG,WR,128.4,132.4,105.4,,51,,SlayDa01
147,Clyde Edwards-Helaire,KAN,RB,98.3,104.3,89.8,,46,,EdwaCl00
148,Jordan Akins,HOU,TE,116.5,120.5,98.0,,16,,AkinJo00
149,Tyler Higbee,LAR,TE,152.0,155.0,116.0,,15,,HigbTy00
150,Marquez Valdes-Scantling,KAN,WR,122.4,125.4,101.4,,52,,ValdMa00
151,Devin Duvernay,BAL,WR,116.1,119.1,97.6,,53,,DuveDe00
152,Isaiah McKenzie,BUF,WR,119.8,122.8,98.8,,54,,McKeIs00
153,James Robinson,2TM,RB,88.6,91.6,83.1,,47,,RobiJa00
154,Richie James,NYG,WR,132.5,138.5,104.0,,55,,JameRi00
155,Tyler Conklin,NYJ,TE,131.5,134.5,102.5,,17,,ConkTy00
156,J.K. Dobbins,BAL,RB,81.2,84.2,77.7,,48,,DobbJK00
157,Damien Harris,NWE,RB,90.9,93.9,82.4,,49,,HarrDa06
158,Chuba Hubbard,CAR,RB,87.7,94.7,80.7,,50,,HubbCh01
159,Mitchell Trubisky,PIT,QB,73.9,81.9,78.9,,37,,TrubMi00
160,Noah Fant,SEA,TE,122.6,125.6,97.6,,18,,FantNo00
161,Russell Gage,TAM,WR,123.6,127.6,98.1,,56,,GageRu00
162,Alexander Mattison,MIN,RB,88.4,91.4,80.9,,51,,MattAl01
163,Rashid Shaheed,NOR,WR,100.5,103.5,86.5,,57,,ShahRa00
164,Noah Brown,DAL,WR,114.5,118.5,93.0,,59,,BrowNo00
165,DeVante Parker,NWE,WR,102.9,105.9,87.4,,58,,ParkDe01
166,Marvin Jones,JAX,WR,116.9,119.9,93.9,,61,,JoneMa02
167,Alec Pierce,IND,WR,112.3,115.3,91.8,,60,,PierAl00
168,Olamide Zaccheaus,ATL,WR,110.0,114.0,90.0,,62,,ZaccOl01
169,Zach Ertz,ARI,TE,115.6,118.6,92.1,,19,,ErtzZa00
170,Mecole Hardman,KAN,WR,93.8,96.8,81.3,,64,,HardMe00
171,Kalif Raymond,DET,WR,116.2,120.2,92.7,,63,,RaymKa00
172,DJ Chark,DET,WR,98.2,101.2,83.2,,65,,CharDJ00
173,Chris Moore,HOU,WR,115.1,118.1,91.1,,66,,MoorCh00
174,DeAndre Carter,LAC,WR,112.3,117.3,89.3,,68,,CartDe02
175,Corey Davis,NYJ,WR,97.6,100.6,81.6,,70,,DaviCo03
176,Michael Gallup,DAL,WR,105.4,108.4,85.9,,67,,GallMi00
177,Mike Gesicki,MIA,TE,98.2,101.2,82.2,,20,,GesiMi00
178,Josh Reynolds,DET,WR,103.9,106.9,84.9,,69,,ReynJo00
179,Eno Benjamin,3TM,RB,89.6,95.6,77.1,,54,,BenjEn00
180,Kenneth Gainwell,PHI,RB,87.9,93.9,76.4,,53,,GainKe00
181,Chigoziem Okonkwo,TEN,TE,97.2,100.2,81.2,,21,,OkonCh00
182,Jaylen Warren,PIT,RB,93.3,99.3,79.3,,52,,WarrJa01
183,Marquise Goodwin,SEA,WR,90.2,93.2,76.7,,71,,GoodMa00
184,Hunter Henry,NWE,TE,103.9,106.9,83.4,,22,,HenrHu00
185,Isaiah Hodgins,2TM,WR,100.2,104.2,81.7,,72,,HodgIs00
186,Robert Woods,TEN,WR,115.7,119.7,89.2,,73,,WoodRo02
187,Melvin Gordon,DEN,RB,87.1,95.1,74.6,,55,,GordMe00
188,Darnell Mooney,CHI,WR,101.5,104.5,81.5,,74,,MoonDa00
189,Treylon Burks,TEN,WR,94.1,97.1,77.6,,75,,BurkTr00
190,Greg Dortch,ARI,WR,113.1,117.1,87.1,,76,,DortGr01
191,Nico Collins,HOU,WR,97.1,100.1,78.6,,77,,CollNi00
192,Romeo Doubs,GNB,WR,101.6,105.6,80.6,,78,,DoubRo00
193,Chase Claypool,2TM,WR,105.0,109.0,82.0,,79,,ClayCh01
194,Gus Edwards,BAL,RB,59.3,63.3,59.3,,56,,EdwaGu00
195,Robert Tonyan,GNB,TE,112.0,115.0,85.5,,23,,TonyRo00
196,Chase Edmonds,2TM,RB,74.2,80.2,66.2,,57,,EdmoCh00
197,Nick Westbrook-Ikhine,TEN,WR,82.7,85.7,70.2,,80,,WestNi00
198,Darrell Henderson,LAR,RB,73.5,79.5,65.0,,58,,HendDa00
199,Cooper Rush,DAL,QB,56.6,62.6,59.6,,38,,RushCo00
200,Darren Waller,LVR,TE,84.8,87.8,70.8,,24,,WallDa01
201,Mike White,NYJ,QB,56.6,64.6,60.6,,39,,WhitMi01
202,Dontrell Hilliard,TEN,RB,77.2,83.2,66.7,,59,,HillDo00
203,Austin Hooper,TEN,TE,97.4,100.4,76.9,,25,,HoopAu00
204,Demarcus Robinson,BAL,WR,103.8,107.8,79.8,,81,,RobiDe01
205,Deon Jackson,IND,RB,84.5,91.5,69.5,,60,,JackDe02
206,Van Jefferson,LAR,WR,78.9,81.9,66.9,,83,,JeffVa00
207,Isaiah Likely,BAL,TE,91.3,94.3,73.3,,26,,LikeIs00
208,Terrace Marshall Jr.,CAR,WR,83.0,86.0,69.0,,82,,MarsTe00
209,Zack Moss,2TM,RB,64.5,68.5,59.0,,61,,MossZa00
210,Trent Sherfield,MIA,WR,83.7,86.7,68.7,,84,,SherTr00
211,Kendrick Bourne,NWE,WR,88.3,91.3,70.8,,85,,BourKe00
212,Will Dissly,SEA,TE,86.9,89.9,69.9,,29,,DissWi00
213,Greg Dulcich,DEN,TE,86.1,89.1,69.6,,28,,DulcGr00
214,Hayden Hurst,CIN,TE,105.4,108.4,79.4,,27,,HursHa00
215,Foster Moreau,LVR,TE,85.2,89.2,68.7,,30,,MoreFo00
216,Allen Robinson,LAR,WR,84.9,87.9,68.4,,86,,RobiAl02
217,Quez Watkins,PHI,WR,84.5,88.5,68.0,,87,,WatkQu00
218,Nyheim Hines,2TM,RB,81.4,84.4,66.4,,62,,HineNy00
219,Joshua Kelley,LAC,RB,64.8,70.8,57.8,,63,,KellJo01
220,Elijah Moore,NYJ,WR,88.1,91.1,69.6,,88,,MoorEl00
221,Cade Otton,TAM,TE,93.1,96.1,72.1,,31,,OttoCa00
222,Jamycal Hasty,JAX,RB,70.0,76.0,60.0,,64,,HastJa02
223,Tyler Huntley,BAL,QB,50.0,59.0,53.0,,40,,HuntTy01
224,Jelani Woods,IND,TE,74.2,77.2,61.7,,32,,WoodJe01
225,Randall Cobb,GNB,WR,81.7,84.7,64.7,,90,,CobbRa00
226,Joe Flacco,NYJ,QB,48.3,58.3,51.3,,41,,FlacJo00
227,Trenton Irwin,CIN,WR,63.2,66.2,55.7,,89,,IrwiTr00
228,Jauan Jennings,SFO,WR,82.6,85.6,65.1,,91,,JennJa00
229,Rashaad Penny,SEA,RB,52.2,55.2,50.2,,65,,PennRa00
230,Kyle Pitts,ATL,TE,75.6,78.6,61.6,,33,,PittKy00
231,Jamal Agnew,JAX,WR,70.3,73.3,58.8,,92,,AgneJa00
232,Rondale Moore,ARI,WR,87.9,90.9,67.4,,93,,MoorRo02
233,Julio Jones,TAM,WR,70.4,73.4,58.4,,94,,JoneJu02
234,Zonovan Knight,NYJ,RB,59.0,65.0,52.5,,66,,KnigZo00
235,Dante Pettis,CHI,WR,65.2,68.2,55.7,,95,,PettDa00
236,Laviska Shenault Jr.,CAR,WR,72.7,75.7,59.2,,96,,ShenLa00
237,Brock Wright,DET,TE,63.6,66.6,54.6,,34,,WrigBr01
238,Tutu Atwell,LAR,WR,63.2,66.2,54.2,,98,,AtweTu00
239,Daniel Bellinger,NYG,TE,75.0,79.0,60.0,,35,,BellDa00
240,Ben Skowronek,LAR,WR,84.3,87.3,64.8,,97,,SkowBe00
241,Nelson Agholor,NWE,WR,75.2,80.2,59.7,,100,,AghoNe00
242,Ray-Ray McCloud,SFO,WR,58.1,61.1,51.1,,101,,McClRa00
243,Colby Parkinson,SEA,TE,69.2,72.2,56.7,,36,,ParkCo02
244,Equanimeous St. Brown,CHI,WR,64.7,67.7,54.2,,102,,St.BEq00
245,Tyquan Thornton,NWE,WR,66.3,69.3,55.3,,99,,ThorTy00
246,Justin Watson,KAN,WR,58.5,61.5,51.0,,103,,WatsJu01
247,Jameis Winston,NOR,QB,43.9,51.9,48.9,,42,,WinsJa00
248,Caleb Huntley,ATL,RB,44.9,47.9,43.9,,67,,HuntCa02
249,Hunter Renfrow,LVR,WR,79.0,83.0,61.0,,104,,RenfHu00
250,Jarrett Stidham,LVR,QB,42.6,49.6,45.6,,43,,StidJa00
251,Noah Gray,KAN,TE,70.0,73.0,56.0,,37,,GrayNo00
252,Elijah Mitchell,SFO,RB,43.6,46.6,42.1,,69,,MitcEl00
253,Boston Scott,PHI,RB,46.2,49.2,43.7,,68,,ScotBo02
254,Kadarius Toney,2TM,WR,57.3,61.3,49.3,,105,,ToneKa00
255,Braxton Berrios,NYJ,WR,57.7,60.7,48.7,,106,,BerrBr00
256,Matt Breida,NYG,RB,59.8,65.8,49.8,,71,,BreiMa00
257,Rex Burkhead,HOU,RB,77.4,80.4,58.9,,70,,BurkRe00
258,Shi Smith,CAR,WR,61.6,65.6,50.6,,107,,SmitSh03
259,Rashod Bateman,BAL,WR,53.5,57.5,46.0,,109,,BateRa00
260,Damiere Byrd,ATL,WR,51.8,54.8,45.3,,108,,ByrdDa00
261,Justin Jackson,DET,RB,51.1,57.1,45.1,,72,,JackJu01
262,MyCole Pruitt,ATL,TE,55.0,58.0,47.0,,38,,PruiMy00
263,Desmond Ridder,ATL,QB,38.7,43.7,38.7,,45,,RiddDe00
264,P.J. Walker,CAR,QB,39.1,45.1,42.1,,44,,WalkPh00
265,Bailey Zappe,NWE,QB,39.6,48.6,42.1,,46,,ZappBa00
266,Teddy Bridgewater,MIA,QB,38.0,45.0,42.0,,47,,BridTe00
267,A.J. Green,ARI,WR,61.6,64.6,49.6,,110,,GreeA.00
268,Logan Thomas,WAS,TE,77.3,80.3,57.8,,39,,ThomLo00
269,Gardner Minshew II,PHI,QB,36.8,43.8,39.8,,48,,MinsGa00
270,Sam Ehlinger,IND,QB,35.6,42.6,38.6,,49,,EhliSa00
271,Mo Alie-Cox,IND,TE,53.9,57.9,44.4,,41,,AlieMo00
272,Kyle Juszczyk,SFO,FB,53.6,56.6,44.1,,73,,JuszKy00
273,Jarvis Landry,NOR,WR,60.2,63.2,47.7,,111,,LandJa00
274,Michael Thomas,NOR,WR,51.1,54.1,43.1,,112,,ThomMi05
275,C.J. Uzomah,NYJ,TE,56.2,59.2,45.7,,40,,UzomC.00
276,Mark Ingram,NOR,RB,50.1,55.1,42.1,,74,,IngrMa01
277,Tre'Quan Smith,NOR,WR,52.8,55.8,43.3,,113,,SmitTr03
278,Raheem Blackshear,CAR,RB,43.0,44.0,38.0,,75,,BlacRa00
279,Trey McBride,ARI,TE,61.5,64.5,47.0,,43,,McBrTr01
280,Colt McCoy,ARI,QB,32.8,38.8,35.8,,50,,McCoCo00
281,Tommy Tremble,CAR,TE,52.4,56.4,42.9,,42,,TremTo00
282,Robbie Chosen,2TM,WR,52.2,56.2,42.2,,115,,AndeRo04
283,Phillip Dorsett,HOU,WR,51.7,54.7,41.7,,116,,DorsPh00
284,Kendall Hinton,DEN,WR,56.4,59.4,44.4,,114,,HintKe00
285,Jordan Mason,SFO,RB,31.8,34.8,31.8,,76,,MasoJo00
286,Harrison Bryant,CLE,TE,61.7,64.7,46.2,,44,,BryaHa00
287,Ty Johnson,NYJ,RB,42.8,45.8,36.8,,77,,JohnTy02
288,Sammy Watkins,2TM,WR,46.5,50.5,38.5,,117,,WatkSa00
289,Kylen Granson,IND,TE,61.2,64.2,45.7,,45,,GranKy00
290,Justice Hill,BAL,RB,42.0,46.0,36.0,,79,,HillJu00
291,Marlon Mack,2TM,RB,38.3,38.3,34.3,,78,,MackMa00
292,Irv Smith Jr.,MIN,TE,55.2,58.2,42.7,,46,,SmitIr01
293,Shane Zylstra,DET,TE,41.0,41.0,35.5,,47,,ZylsSh00
294,Ameer Abdullah,LVR,RB,54.1,57.1,41.6,,81,,AbduAm00
295,DeeJay Dallas,SEA,RB,46.2,53.2,38.7,,80,,DallDe00
296,Jake Ferguson,DAL,TE,48.4,51.4,38.9,,48,,FergJa00
297,Peyton Hendershot,DAL,TE,39.5,42.5,34.0,,49,,HendPe01
298,J.D. McKissic,WAS,RB,55.8,58.8,42.3,,82,,McKiJ.00
299,Dare Ogunbowale,HOU,RB,48.7,54.7,38.7,,83,,OgunDa00
300,Wan'Dale Robinson,NYG,WR,51.6,54.6,40.1,,118,,RobiWa01
301,Dyami Brown,WAS,WR,32.8,35.8,30.3,,120,,BrowDy00
302,Malik Davis,DAL,RB,34.4,37.4,31.4,,84,,DaviMa02
303,Ashton Dulin,IND,WR,42.5,45.5,35.0,,121,,DuliAs00
304,KhaDarel Hodge,ATL,WR,41.2,44.2,34.7,,119,,HodgKh00
305,Travis Homer,SEA,RB,43.1,47.1,35.1,,85,,HomeTr00
306,O.J. Howard,HOU,TE,36.5,39.5,31.5,,52,,HowaO.00
307,Velus Jones Jr.,CHI,WR,34.0,43.0,30.5,,122,,JoneVe00
308,Josh Oliver,BAL,TE,40.9,43.9,33.9,,50,,OlivJo00
309,Adam Trautman,NOR,TE,44.7,47.7,35.7,,51,,TrauAd00
310,Byron Pringle,CHI,WR,35.5,38.5,30.5,,123,,PrinBy00
311,Javonte Williams,DEN,RB,42.0,46.0,34.0,,86,,WillJa10
312,Jonnu Smith,NWE,TE,52.0,55.0,38.5,,53,,SmitJo01
313,Durham Smythe,MIA,TE,40.0,43.0,32.5,,54,,SmytDu00
314,Gary Brightwell,NYG,RB,29.0,32.0,26.5,,87,,BrigGa00
315,Connor Heyward,PIT,TE,35.8,38.8,29.8,,55,,HeywCo00
316,Jalen Nailor,MIN,WR,32.9,35.9,28.4,,125,,NailJa00
317,Brandon Powell,LAR,WR,47.6,50.6,35.6,,126,,PoweBr00
318,Khalil Shakir,BUF,WR,34.1,37.1,29.1,,124,,ShakKh00
319,Alec Ingold,MIA,FB,38.3,41.3,30.8,,88,,IngoAl01
320,Teagan Quitoriano,HOU,TE,30.3,33.3,26.8,,56,,QuitTe00
321,Amari Rodgers,2TM,WR,39.1,44.1,31.1,,127,,RodgAm00
322,Marquez Callaway,NOR,WR,37.8,40.8,29.8,,129,,CallMa01
323,River Cracraft,MIA,WR,31.2,34.2,26.7,,128,,CracRi00
324,Craig Reynolds,DET,RB,30.8,36.8,26.3,,89,,ReynCr00
325,Kyren Williams,LAR,RB,30.5,33.5,26.0,,90,,WillKy02
326,David Bell,CLE,WR,45.4,48.4,33.4,,130,,BellDa02
327,Joshua Dobbs,TEN,QB,20.8,27.8,22.8,,51,,DobbJo00
328,Jody Fortson,KAN,TE,29.8,33.8,25.3,,57,,FortJo01
329,C.J. Ham,MIN,FB,31.3,31.3,26.3,,91,,HamxC.00
330,Marcedes Lewis,GNB,TE,26.6,26.6,23.6,,59,,LewiMa00
331,Skyy Moore,KAN,WR,43.4,49.4,32.4,,131,,MoorSk01
332,Zach Pascal,PHI,WR,36.0,39.0,28.5,,133,,PascZa00
333,Eric Saubert,DEN,TE,35.8,38.8,28.3,,58,,SaubEr00
334,Sterling Shepard,NYG,WR,34.4,37.4,27.9,,132,,ShepSt00
335,Davis Webb,NYG,QB,20.8,20.8,20.8,,52,,WebbDa00
336,Avery Williams,ATL,RB,34.0,38.0,27.5,,92,,WillAv02
337,Mike Boone,DEN,RB,28.8,31.8,24.3,,94,,BoonMi00
338,Keelan Cole,LVR,WR,30.1,33.1,25.1,,134,,ColeKe00
339,Johnny Mundt,MIN,TE,39.0,42.0,29.5,,60,,MundJo00
340,Pierre Strong,NWE,RB,27.2,30.2,23.7,,93,,StroPi00
341,Ian Thomas,CAR,TE,40.7,43.7,30.2,,63,,ThomIa00
342,Eric Tomlinson,DEN,TE,28.9,28.9,24.4,,61,,TomlEr01
343,Mitchell Wilcox,CIN,TE,36.9,39.9,28.4,,62,,WilcMi01
344,David Blough,ARI,QB,18.6,24.6,20.6,,54,,BlouDa00
345,Tevin Coleman,SFO,RB,22.0,22.0,20.5,,96,,ColeTe01
346,KJ Hamler,DEN,WR,25.8,28.8,22.3,,137,,HamlKJ00
347,Scott Miller,TAM,WR,42.3,45.3,30.8,,135,,MillSc01
348,Denzel Mims,NYJ,WR,29.6,32.6,24.1,,138,,MimsDe00
349,Donald Parham,LAC,TE,29.0,32.0,24.0,,64,,ParhDo00
350,Jalen Reagor,MIN,WR,26.9,29.9,22.9,,136,,ReagJa00
351,Jonathan Williams,WAS,RB,26.2,29.2,22.7,,95,,WillJo07
352,Malik Willis,TEN,QB,19.3,27.3,22.3,,53,,WillMa12
353,Brandon Bolden,LVR,RB,27.3,27.3,22.8,,97,,BoldBr00
354,Malcolm Brown,LAR,RB,22.8,22.8,20.3,,98,,BrowMa03
355,Lawrence Cager,2TM,TE,30.8,33.8,24.3,,65,,CageLa01
356,N'Keal Harry,CHI,WR,24.6,27.6,21.1,,139,,HarrNK00
357,Sam Howell,WAS,QB,18.3,19.3,19.3,,55,,HoweSa00
358,Brett Rypien,DEN,QB,18.0,26.0,22.0,,56,,RypiBr00
359,John Bates,WAS,TE,30.8,33.8,23.8,,68,,BateJo00
360,Cameron Brate,TAM,TE,37.4,40.4,27.4,,66,,BratCa00
361,Corey Clement,ARI,RB,21.9,21.9,19.4,,100,,ClemCo00
362,Ross Dwelley,SFO,TE,19.5,22.5,18.0,,69,,DwelRo00
363,James Mitchell,DET,TE,28.3,31.3,22.8,,67,,MitcJa00
364,Steven Sims,PIT,WR,31.4,34.4,24.4,,140,,SimsSt00
365,Benny Snell Jr.,PIT,RB,18.7,18.7,17.7,,101,,SnelBe00
366,Skylar Thompson,MIA,QB,17.5,25.5,20.5,,57,,ThomSk00
367,Darrel Williams,ARI,RB,21.1,24.1,19.1,,99,,WillDa10
368,Kyle Allen,HOU,QB,15.9,23.9,19.9,,59,,AlleKy00
369,Jeff Driskel,HOU,QB,17.2,17.2,16.7,,58,,DrisJe00
370,Sony Michel,LAC,RB,24.9,27.9,20.4,,102,,MichSo00
371,Albert Okwuegbunam,DEN,TE,25.5,25.5,20.5,,70,,OkwuAl00
372,Hassan Haskins,TEN,RB,26.0,26.0,20.5,,105,,HaskHa00
373,DeSean Jackson,BAL,WR,24.3,27.3,19.8,,141,,JackDe00
374,Ronald Jones II,KAN,RB,16.2,16.2,15.7,,103,,JoneRo01
375,Bryce Perkins,LAR,QB,15.4,17.4,17.4,,60,,PerkBr02
376,Anthony Schwartz,CLE,WR,18.8,19.8,16.8,,142,,SchwAn00
377,Derek Watt,PIT,FB,20.2,20.2,17.7,,104,,WattDe00
378,John Wolford,LAR,QB,14.8,21.8,17.8,,61,,WolfJo00
379,Dan Arnold,JAX,TE,22.5,25.5,18.0,,72,,ArnoDa00
380,Kenny Golladay,NYG,WR,20.1,20.1,17.1,,146,,GollKe00
381,Zander Horvath,LAC,FB,18.6,18.6,16.1,,107,,HorvZa00
382,Keaontay Ingram,ARI,RB,18.1,18.1,16.1,,106,,IngrKe01
383,Tom Kennedy,DET,WR,22.1,25.1,18.1,,147,,KennTo01
384,Ko Kieft,TAM,TE,21.0,21.0,17.5,,71,,KiefKo00
385,Breshad Perriman,TAM,WR,23.3,27.3,18.8,,144,,PerrBr02
386,Samori Toure,GNB,WR,19.2,19.2,16.7,,145,,TourSa00
387,Jameson Williams,DET,WR,15.1,15.1,14.6,,148,,WillJa11
388,Cedrick Wilson Jr.,MIA,WR,26.4,29.4,20.4,,143,,WilsCe01
389,Salvon Ahmed,MIA,RB,14.2,14.2,13.7,,108,,AhmeSa01
390,Royce Freeman,HOU,RB,19.0,23.0,16.0,,109,,FreeRo00
391,Zach Gentry,PIT,TE,32.2,35.2,22.7,,73,,GentZa00
392,Reggie Gilliam,BUF,FB,20.9,20.9,16.9,,110,,GillRe00
393,Tanner Hudson,NYG,TE,23.2,26.2,18.2,,74,,HudsTa00
394,Brevin Jordan,HOU,TE,26.8,29.8,19.8,,75,,JordBr00
395,Chris Myarick,NYG,FB,19.5,19.5,16.0,,111,,MyarCh00
396,Jeff Smith,NYJ,WR,21.4,24.4,17.4,,149,,SmitJe03
397,Pharaoh Brown,2TM,TE,23.7,26.7,17.7,,79,,BrowPh01
398,T.Y. Hilton,DAL,WR,19.1,22.1,15.6,,150,,HiltT.00
399,Trey Lance,SFO,QB,12.5,13.5,13.5,,62,,LancTr00
400,Jordan Love,GNB,QB,11.7,11.7,11.7,,64,,LoveJo03
401,Quintin Morris,BUF,TE,20.4,21.4,16.4,,76,,MorrQu00
402,Nick Mullens,MIN,QB,11.8,12.8,12.8,,63,,MullNi00
403,Jack Stoll,PHI,TE,23.3,26.3,17.8,,77,,StolJa00
404,Geoff Swaim,TEN,TE,23.8,23.8,17.8,,78,,SwaiGe00
405,Jalen Virgil,DEN,WR,13.5,14.5,12.5,,151,,VirgJa00
406,Josiah Deguara,GNB,TE,24.4,27.4,17.9,,80,,DeguJo00
407,Kevin Harris,NWE,RB,11.2,11.2,11.2,,112,,HarrKe01
408,Brycen Hopkins,LAR,TE,17.9,20.9,14.4,,81,,HopkBr01
409,David Sills,NYG,WR,21.6,24.6,16.1,,152,,SillDa01
410,Tyrod Taylor,NYG,QB,11.3,13.3,12.3,,65,,TaylTy00
411,John Brown,BUF,WR,11.2,11.2,10.7,,153,,BrowJo02
412,Snoop Conner,JAX,RB,10.2,10.2,10.2,,113,,ConnSn00
413,Tyrion Davis-Price,SFO,RB,9.9,9.9,9.9,,115,,DaviTy03
414,Chris Evans,CIN,RB,12.8,12.8,11.3,,116,,EvanCh02
415,Darrynton Evans,CHI,RB,10.7,10.7,10.2,,117,,EvanDa02
416,Anthony Firkser,ATL,TE,19.0,22.0,14.5,,82,,FirkAn00
417,Marcus Johnson,NYG,WR,18.9,18.9,14.4,,154,,JohnMa07
418,Dax Milne,WAS,WR,15.7,15.7,12.7,,155,,MilnDa00
419,Kene Nwangwu,MIN,RB,11.5,11.5,10.5,,118,,NwanKe00
420,Giovanni Ricci,CAR,FB,18.0,21.0,14.0,,114,,RiccGi00
421,Trevor Siemian,CHI,QB,10.2,11.2,11.2,,66,,SiemTr00
422,Michael Bandy,LAC,WR,18.9,18.9,13.9,,156,,BandMi00
423,Parker Hesse,ATL,TE,17.9,17.9,13.4,,84,,HessPa00
424,Phillip Lindsay,IND,RB,14.8,14.8,11.8,,120,,LindPh00
425,Trace McSorley,ARI,QB,8.6,18.6,13.6,,68,,McSoTr00
426,Patrick Ricard,BAL,FB,20.0,20.0,14.5,,119,,RicaPa00
427,Armani Rogers,WAS,TE,14.0,14.0,11.5,,83,,RogeAr00
428,Kyle Rudolph,TAM,TE,11.8,11.8,10.3,,85,,RudoKy00
429,Cam Sims,WAS,WR,16.9,16.9,12.9,,157,,SimsCa00
430,Chris Streveler,NYJ,QB,9.0,9.0,9.0,,67,,StreCh00
431,Jordan Wilkins,IND,RB,14.7,14.7,11.7,,121,,WilkJo01
432,Tyler Badie,DEN,RB,9.4,9.4,8.9,,122,,BadiTy00
433,Blake Bell,KAN,TE,10.0,10.0,9.0,,87,,BellBl00
434,Grant Calcaterra,PHI,TE,13.1,13.1,10.6,,86,,CalcGr00
435,Chase Daniel,LAC,QB,8.5,8.5,8.5,,69,,DaniCh00
436,Brandon Johnson,DEN,WR,14.2,15.2,11.2,,158,,JohnBr23
437,Jaret Patterson,WAS,RB,7.8,7.8,7.8,,123,,PattJa01
438,Nathan Peterman,CHI,QB,8.3,9.3,9.3,,70,,PeteNa00
439,Andrew Beck,DEN,TE,11.9,11.9,9.4,,89,,BeckAn01
440,D'Wayne Eskridge,SEA,WR,13.8,13.8,10.3,,163,,EskrDW00
441,Tyler Mabry,SEA,TE,7.7,7.7,7.2,,90,,MabrTy00
442,Tre' McKitty,LAC,TE,17.2,17.2,12.2,,88,,McKiTr00
443,Ty Montgomery,NWE,WR,10.3,10.3,8.8,,161,,MontTy01
444,Gunner Olszewski,PIT,WR,12.2,13.2,9.7,,162,,OlszGu00
445,Freddie Swain,2TM,WR,11.4,11.4,9.4,,159,,SwaiFr00
446,Ke'Shawn Vaughn,TAM,RB,10.2,10.2,8.7,,124,,VaugKe00
447,Kevin White,NOR,WR,9.4,9.4,8.4,,160,,WhitKe00
448,Zamir White,LVR,RB,7.0,7.0,7.0,,125,,WhitZa01
449,Anthony Brown,BAL,QB,5.6,11.6,7.6,,71,,BrowAn06
450,Jamison Crowder,BUF,WR,12.0,12.0,9.0,,166,,CrowJa00
451,Jalen Guyton,LAC,WR,8.4,8.4,7.4,,164,,GuytJa01
452,Tyler Kroft,SFO,TE,9.7,9.7,7.7,,91,,KrofTy00
453,Jake Kumerow,BUF,WR,10.4,10.4,8.4,,165,,KumeJa00
454,Mike Strachan,IND,WR,8.9,8.9,7.4,,167,,StraMi03
455,Trent Taylor,CIN,WR,11.7,12.7,8.7,,170,,TaylTr02
456,Deven Thompkins,TAM,WR,10.8,10.8,8.3,,168,,ThomDe07
457,Mike Thomas,CIN,WR,7.8,7.8,6.8,,169,,ThomMi04
458,Nick Vannett,2TM,TE,11.5,11.5,8.5,,92,,VannNi00
459,Trayveon Williams,CIN,RB,8.0,8.0,7.0,,126,,WillTr06
460,Andre Baccellia,ARI,WR,11.5,11.5,8.0,,173,,BaccAn00
461,Spencer Brown,CAR,RB,7.3,7.3,6.3,,130,,BrowSp01
462,Julius Chestnut,TEN,RB,8.3,8.3,6.8,,131,,ChesJu00
463,Chris Conley,2TM,WR,8.6,8.6,6.6,,172,,ConlCh00
464,Blaine Gabbert,TAM,QB,5.2,5.2,5.2,,72,,GabbBl00
465,Myles Gaskin,MIA,RB,9.4,9.4,7.4,,127,,GaskMy00
466,Cody Hollister,TEN,WR,8.4,8.4,6.9,,171,,HollCo00
467,David Johnson,NOR,RB,9.1,10.1,7.1,,132,,JohnDa08
468,Tony Jones,2TM,RB,10.4,10.4,7.9,,128,,JoneTo04
469,Charlie Kolar,BAL,TE,8.9,8.9,6.9,,93,,KolaCh00
470,Ronnie Rivers,LAR,RB,10.0,10.0,7.5,,133,,RiveRo01
471,Isaiah Spiller,LAC,RB,8.4,8.4,6.9,,129,,SpilIs00
472,Stephen Sullivan,CAR,TE,6.6,6.6,5.6,,94,,SullSt00
473,Patrick Taylor,GNB,RB,5.8,5.8,5.3,,134,,TaylPa01
474,Dwayne Washington,NOR,RB,5.5,5.5,5.0,,135,,WashDw00
475,Trevon Wesco,CHI,TE,6.6,6.6,5.6,,95,,WescTr00
476,Cole Beasley,2TM,WR,9.5,9.5,6.5,,179,,BeasCo00
477,Kendall Blanton,LAR,TE,5.5,5.5,4.5,,98,,BlanKe01
478,Trestan Ebner,CHI,RB,6.2,7.2,5.2,,136,,EbneTr00
479,Luke Farrell,JAX,TE,8.0,8.0,6.0,,97,,FarrLu00
480,Chris Manhertz,JAX,TE,10.2,10.2,7.2,,96,,ManhCh00
481,Anthony McFarland Jr.,PIT,RB,6.1,6.1,5.1,,137,,McFaAn00
482,Racey McMath,TEN,WR,6.4,6.4,5.4,,174,,McMaRa00
483,Kyle Philips,TEN,WR,11.8,13.8,7.8,,178,,PhilKy01
484,James Proche,BAL,WR,12.2,13.2,9.2,,175,,ProcJa00
485,Laquon Treadwell,SEA,WR,10.2,10.2,7.2,,176,,TreaLa00
486,Michael Woods II,CLE,WR,9.0,9.0,6.5,,177,,WoodMi00
487,Daylen Baldwin,CLE,WR,4.5,4.5,3.5,,185,,BaldDa01
488,Giovani Bernard,TAM,RB,4.7,4.7,3.7,,140,,BernGi00
489,Tyrie Cleveland,DEN,WR,4.8,4.8,3.8,,182,,ClevTy00
490,Jaelon Darden,2TM,WR,4.8,4.8,3.8,,183,,DardJa00
491,Tyler Davis,GNB,TE,6.6,6.6,4.6,,99,,DaviTy02
492,Ben Ellefson,MIN,TE,5.6,5.6,4.1,,100,,ElleBe00
493,Ryan Griffin,CHI,TE,6.6,6.6,4.6,,101,,GrifRy00
494,Tim Jones,JAX,WR,6.0,6.0,4.5,,181,,JoneTi00
495,Larry Rountree,LAC,RB,5.3,5.3,4.3,,138,,RounLa00
496,DJ Turner,LVR,WR,2.6,2.6,2.6,,184,,TurnDJ00
497,Tylan Wallace,BAL,WR,7.3,7.3,5.3,,180,,WallTy00
498,Jonathan Ward,2TM,RB,5.2,5.2,4.2,,139,,WardJo00
499,Michael Burton,KAN,FB,3.8,3.8,2.8,,146,,BurtMi00
500,Quintez Cephus,DET,WR,3.5,3.5,2.5,,198,,CephQu00
501,Ty Chandler,MIN,RB,2.0,2.0,2.0,,143,,ChanTy01
502,Pharoh Cooper,ARI,WR,4.1,4.1,3.1,,190,,CoopPh00
503,Frank Darby,ATL,WR,2.5,2.5,2.0,,199,,DarbFr00
504,Mike Davis,BAL,RB,4.2,4.2,3.2,,142,,DaviMi01
505,Bryan Edwards,ATL,WR,4.5,4.5,3.0,,200,,EdwaBr01
506,Simi Fehoko,DAL,WR,5.4,5.4,3.9,,186,,FehoSi00
507,Nick Foles,IND,QB,1.8,5.8,5.8,,73,,FoleNi00
508,Danny Gray,SFO,WR,2.9,2.9,2.4,,194,,GrayDa02
509,Troy Hairston,HOU,FB,6.9,6.9,4.4,,144,,HairTr00
510,Penny Hart,SEA,WR,5.0,5.0,3.5,,192,,HartPe01
511,Jesper Horsted,LVR,TE,4.9,4.9,3.4,,103,,HorsJe00
512,Dennis Houston,DAL,WR,3.6,3.6,2.6,,197,,HousDe01
513,Lil'Jordan Humphrey,NWE,WR,4.0,4.0,3.0,,193,,HumpLi01
514,Andy Isabella,2TM,WR,4.2,4.2,3.2,,189,,IsabAn00
515,Cade Johnson,SEA,WR,4.1,4.1,3.1,,191,,JohnCa03
516,D'Ernest Johnson,CLE,RB,5.4,5.4,3.9,,141,,JohnDE04
517,Keith Kirkwood,NOR,WR,3.8,3.8,2.8,,195,,KirkKe00
518,Dezmon Patmon,IND,WR,4.4,4.4,3.4,,187,,PatmDe00
519,Adam Prentice,NOR,FB,4.8,4.8,3.3,,147,,PrenAd00
520,Trey Sermon,PHI,RB,1.9,1.9,1.9,,145,,SermTr00
521,Stone Smartt,LAC,TE,5.7,5.7,3.7,,105,,SmarSt00
522,J.J. Taylor,NWE,RB,2.7,2.7,2.2,,148,,TaylJJ01
523,Cole Turner,WAS,TE,4.3,4.3,3.3,,102,,TurnCo00
524,Maxx Williams,ARI,TE,4.8,4.8,3.3,,104,,WillMa04
525,Juwann Winfree,GNB,WR,2.7,2.7,2.2,,196,,WinfJu00
526,Dareke Young,SEA,WR,4.4,4.4,3.4,,188,,YounDa02
527,Maurice Alexander,DET,WR,1.7,1.7,1.2,,207,,AlexMa02
528,Brandon Allen,CIN,QB,0.8,0.8,0.8,,76,,AlleBr00
529,Stephen Anderson,ARI,TE,3.9,3.9,2.4,,107,,AndeSt01
530,Devin Asiasi,CIN,TE,2.5,2.5,1.5,,112,,AsiaDe00
531,C.J. Board,TEN,WR,1.6,1.6,1.1,,209,,BoarC.00
532,Reggie Bonnafon,WAS,RB,0.8,0.8,0.8,,153,,BonnRe00
533,Miles Boykin,PIT,WR,3.1,3.1,2.1,,205,,BoykMi00
534,Jason Cabinda,DET,FB,1.9,1.9,1.4,,152,,CabiJa00
535,Jalen Camp,HOU,WR,1.7,1.7,1.2,,208,,CampJa03
536,Jerome Ford,CLE,RB,1.2,1.2,1.2,,149,,FordJe00
537,Jacob Harris,LAR,TE,1.6,1.6,1.1,,110,,HarrJa03
538,Kylin Hill,GNB,RB,0.7,0.7,0.7,,154,,HillKy00
539,Brian Hoyer,NWE,QB,1.5,1.5,1.5,,74,,HoyeBr00
540,Godwin Igwebuike,SEA,RB,1.7,1.7,1.2,,155,,IgweGo00
541,Jakob Johnson,LVR,FB,6.0,6.0,3.5,,150,,JohnJa12
542,Josh Johnson,SFO,QB,0.7,0.7,0.7,,77,,JohnJo05
543,Tyron Johnson,2TM,WR,1.8,1.8,1.3,,206,,JohnTy03
544,Sean McKeon,DAL,TE,3.1,3.1,2.1,,106,,McKeSe01
545,Jason Moore,LAC,WR,1.5,1.5,1.0,,210,,MoorJa02
546,Devine Ozigbo,DEN,RB,1.7,1.7,1.2,,156,,OzigDe01
547,Jeremy Ruckert,NYJ,TE,1.8,1.8,1.3,,108,,RuckJe00
548,Mason Schreck,HOU,TE,2.6,2.6,1.6,,111,,SchrMa00
549,Keith Smith,ATL,FB,2.0,2.0,1.5,,151,,SmitKe03
550,Tommy Sweeney,BUF,TE,1.7,1.7,1.2,,109,,SweeTo00
551,Jalen Tolbert,DAL,WR,3.2,3.2,2.2,,203,,TolbJa00
552,Austin Trammell,LAR,WR,3.3,3.3,2.3,,202,,TramAu00
553,Kyle Trask,TAM,QB,0.9,0.9,0.9,,75,,TrasKy00
554,Montrell Washington,DEN,WR,5.2,6.2,3.2,,204,,WashMo00
555,Nsimba Webster,CHI,WR,3.4,3.4,2.4,,201,,WebsNs00
556,Ty'Son Williams,ARI,RB,1.5,1.5,1.0,,157,,WillTy01
557,Josh Ali,ATL,WR,,,,,214,,AlixJo00
558,Chase Allen,CHI,TE,,,,,114,,AlleCh03
559,Alex Armah,WAS,RB,,,,,163,,ArmaAl00
560,Nick Bellore,SEA,FB,0.3,0.3,0.3,,160,,BellNi01
561,Trinity Benson,DET,WR,,,,,215,,BensTr00
562,Jared Bernhardt,ATL,WR,,,,,216,,BernJa00
563,Stanley Berryhill,DET,WR,,,,,217,,BerrSt00
564,Khari Blasingame,CHI,FB,,,,,164,,BlasKh00
565,Lynn Bowden Jr.,NWE,WR,,,,,218,,BowdLy00
566,Nick Boyle,BAL,TE,,,,,115,,BoylNi00
567,Brittain Brown,LVR,RB,,,,,165,,BrowBr06
568,Trenton Cannon,TEN,RB,,,,,166,,CannTr00
569,Cethan Carter,MIA,TE,,,,,116,,CartCe00
570,Roger Carter,LAR,TE,,,,,117,,CartRo03
571,Tory Carter,TEN,FB,,,,,167,,CartTo01
572,Dan Chisena,MIN,WR,,,,,219,,ChisDa00
573,Tanner Conner,MIA,TE,,,,,118,,ConnTa00
574,Keke Coutee,IND,WR,1.0,2.0,0.5,,220,,CoutKe00
575,Britain Covey,PHI,WR,,,,,221,,CoveBr00
576,Rico Dowdle,DAL,RB,,,,,168,,DowdRi01
577,Jacob Eason,CAR,QB,0.4,1.4,1.4,,78,,EasoJa00
578,Alex Erickson,WAS,WR,,,,,222,,EricAl01
579,Erik Ezukanma,MIA,WR,1.3,1.3,0.8,,211,,EzukEr00
580,Demetric Felton,CLE,RB,2.4,2.4,1.4,,158,,FeltDe00
581,Ethan Fernea,IND,WR,,,,,223,,FernEt00
582,Dez Fitzpatrick,TEN,WR,,,,,224,,FitzDe00
583,Miller Forristall,CLE,TE,,,,,119,,ForrMi00
584,Feleipe Franks,ATL,TE,,,,,120,,FranFe00
585,Jake Funk,2TM,RB,,,,,169,,FunkJa00
586,Kaylon Geiger,TAM,WR,,,,,225,,GeigKa00
587,Tanner Gentry,BUF,WR,,,,,226,,GentTa00
588,Josh Gordon,TEN,WR,,,,,227,,GordJo02
589,Garrett Griffin,DET,TE,,,,,121,,GrifGa00
590,Rashard Higgins,CAR,WR,,,,,228,,HiggRa00
591,Jacob Hollister,2TM,TE,,,,,122,,HollJa03
592,J.P. Holtz,NOR,TE,,,,,123,,HoltJ.01
593,Jordan Howard,NOR,RB,0.1,0.1,0.1,,162,,HowaJo00
594,Tyree Jackson,PHI,TE,,,,,124,,JackTy01
595,Jesse James,CLE,TE,,,,,125,,JameJe00
596,Duke Johnson,BUF,RB,0.4,0.4,0.4,,159,,JohnDu00
597,Johnny Johnson,HOU,WR,,,,,229,,JohnJo12
598,Tyler Johnson,HOU,WR,,,,,230,,JohnTy00
599,Nikola Kalinic,IND,TE,,,,,126,,KaliNi00
600,Case Keenum,BUF,QB,0.3,0.3,0.3,,79,,KeenCa00
601,John Kelly,CLE,RB,,,,,170,,KellJo00
602,Marcus Kemp,KAN,WR,,,,,231,,KempMa00
603,Mason Kinsey,TEN,WR,1.3,1.3,0.8,,212,,KinsMa00
604,Lucas Krull,NOR,TE,,,,,127,,KrulLu00
605,Kwamie Lassiter II,CIN,WR,,,,,232,,LassKw00
606,Hunter Long,MIA,TE,,,,,128,,LongHu00
607,Tay Martin,SFO,WR,,,,,233,,MartTa00
608,Lance McCutcheon,LAR,WR,,,,,234,,McCuLa01
609,Kyric McGowan,WAS,WR,,,,,235,,McGoKy00
610,Kirk Merritt,NOR,WR,,,,,236,,MerrKi00
611,Stanley Morgan Jr.,CIN,WR,,,,,237,,MorgSt02
612,Nick Muse,MIN,TE,,,,,129,,MuseNi00
613,Qadree Ollison,DAL,RB,,,,,171,,OlliQa00
614,Jared Pinkney,LAR,TE,,,,,130,,PinkJa02
615,Cornell Powell,KAN,WR,,,,,238,,PoweCo00
616,D'Vonte Price,IND,RB,,,,,172,,PricDV00
617,Kevin Rader,TEN,TE,,,,,131,,RadeKe00
618,Andre Roberts,CAR,WR,,,,,239,,RobeAn00
619,Richard Rodgers,LAC,TE,1.4,1.4,0.9,,113,,RodgRi00
620,Drew Sample,CIN,TE,1.8,1.8,0.8,,136,,SampDr00
621,Braylon Sanders,MIA,WR,1.7,2.7,0.7,,250,,SandBr00
622,Matthew Slater,NWE,WR,,,,,240,,SlatMa00
623,Willie Snead,SFO,WR,,,,,241,,SneaWi00
624,Matt Sokol,NWE,TE,,,,,132,,SokoMa00
625,Nate Sudfeld,DET,QB,-0.4,-0.4,-0.4,,81,,SudfNa00
626,Noah Togiai,PHI,TE,,,,,133,,TogiNo00
627,Jake Tonges,CHI,FB,,,,,173,,TongJa00
628,Malik Turner,SFO,WR,,,,,242,,TurnMa00
629,Binjimen Victor,BAL,WR,,,,,243,,VictBi01
630,James Washington,DAL,WR,,,,,244,,WashJa00
631,Scotty Washington,NWE,WR,,,,,245,,WashSc00
632,Raleigh Webb,2TM,WR,,,,,246,,WebbRa02
633,Cody White,PIT,WR,1.2,1.2,0.7,,213,,WhitCo05
634,Antonio Williams,NYG,RB,,,,,174,,WillAn03
635,Damien Williams,ATL,RB,0.2,0.2,0.2,,161,,WillDa05
636,Preston Williams,CAR,WR,,,,,247,,WillPr01
637,Javon Wims,ARI,WR,,,,,248,,WimsJa00
638,Charlie Woerner,SFO,TE,,,,,134,,WoerCh00
639,Logan Woodside,ATL,QB,,,,,80,,WoodLo00
640,Kenny Yeboah,NYJ,TE,,,,,135,,YeboKe00
641,Brandon Zylstra,DET,WR,,,,,249,,ZylsBr00
642,C.J. Beathard,JAX,QB,-1.0,,,,83,,BeatC.00
643,Deonte Harty,NOR,WR,1.3,2.3,0.3,,252,,HarrDe07
644,Chad Henne,KAN,QB,-0.5,-0.5,-0.5,,82,,HennCh01
645,Ihmir Smith-Marsette,2TM,WR,0.4,1.4,-0.1,,251,,SmitIh00
646,KaVontae Turpin,DAL,WR,-0.4,1.6,-0.9,,253,,TurpKa00
647,Taiwan Jones,BUF,RB,-2.0,-1.0,-2.0,,175,,JoneTa00
648,Chester Rogers,CLE,WR,-2.0,-1.0,-2.0,,254,,RogeCh02
649,Tim Boyle,CHI,QB,-2.9,-0.9,-0.9,,84,,BoylTi00
